{"stats":{"minecraft:used":{"minecraft:stone_axe":15,"minecraft:spruce_leaves":8,"minecraft:mutton":2,"minecraft:crafting_table":1,"minecraft:wooden_pickaxe":10,"minecraft:spruce_log":1},"minecraft:custom":{"minecraft:time_since_rest":15046,"minecraft:sprint_one_cm":20786,"minecraft:play_time":15046,"minecraft:damage_taken":80,"minecraft:walk_one_cm":14585,"minecraft:mob_kills":8,"minecraft:jump":111,"minecraft:damage_dealt":1100,"minecraft:leave_game":3,"minecraft:time_since_death":15046,"minecraft:walk_on_water_one_cm":1192,"minecraft:total_world_time":15046,"minecraft:interact_with_crafting_table":3,"minecraft:fall_one_cm":2390,"minecraft:fly_one_cm":48694},"minecraft:picked_up":{"minecraft:bone":1,"minecraft:porkchop":4,"minecraft:spruce_log":6,"minecraft:spider_eye":1,"minecraft:mutton":2,"minecraft:white_wool":1,"minecraft:cobblestone":10},"minecraft:mined":{"minecraft:spruce_leaves":6,"minecraft:spruce_log":6,"minecraft:stone":10},"minecraft:killed":{"minecraft:skeleton":1,"minecraft:sheep":1,"minecraft:spider":2,"minecraft:zombie":1,"minecraft:pig":3},"minecraft:crafted":{"minecraft:crafting_table":1,"minecraft:stone_axe":1,"minecraft:spruce_planks":24,"minecraft:stick":4,"minecraft:wooden_pickaxe":1}},"DataVersion":3465}